MBTI Type,Hobby
ISFP,Painting
ENTP,Playing Audio Games
ISTP,Playing Video Games
ENFJ,Swimming
ISFJ,Photography
ENFJ,Pottery
ESTP,Swimming
ENFP,Singing
ESFJ,Photography
ENFP,Playing Video Games
ISTJ,Watching Movies
ESFP,Writing
INFP,Playing an Instrument
ENTJ,Playing Audio Games
INTJ,Watching Movies
INTJ,Singing
ESTJ,Running
ENTJ,Playing an Instrument
ISFP,Running
ISFJ,Reading
INFJ,Dancing
INFP,Watching Movies
ISFJ,Playing an Instrument
ISFP,Running
ENFP,Reading
ISTP,Hiking
ISFJ,Singing
ISTP,Watching Movies
INFP,Playing Video Games
ENFP,Singing
ISTP,Hiking
ESTJ,Playing Video Games
ESTJ,Pottery
ENFP,Playing Audio Games
ISTJ,Traveling
ESFJ,Cooking
INFP,Hiking
ISTP,Cooking
ESFJ,Cooking
ESTJ,Swimming
ISFJ,Hiking
ISTJ,Writing
ESTJ,Coding
INFP,Coding
ESTP,Singing
INFJ,Reading
ISTP,Reading
ISFP,Playing Video Games
ISFP,Watching Movies
ESTP,Hiking
ENTJ,Watching Movies
ENFJ,Hiking
ENFJ,Gardening
ESFJ,Watching Movies
ISTJ,Singing
ENFP,Writing
INTJ,Photography
ISFJ,Gardening
ISTJ,Coding
ISTP,Reading
INTJ,Running
ENFP,Playing Video Games
INTP,Cooking
ISFJ,Playing Video Games
ESFP,Pottery
ENFP,Running
ESTJ,Cooking
INFJ,Playing Audio Games
ENTJ,Photography
ENTJ,Painting
ENTJ,Traveling
INFJ,Pottery
ENFP,Painting
ESFJ,Photography
ENTJ,Reading
ESFJ,Playing Video Games
ENTJ,Playing Audio Games
ESFJ,Gardening
ISTJ,Writing
ISTP,Watching Movies
ENTP,Pottery
ESFJ,Playing Audio Games
ESFP,Singing
ISTP,Cooking
ISFP,Reading
ESTP,Pottery
ESFP,Swimming
ESTJ,Photography
ESTJ,Photography
ENTP,Dancing
INFP,Photography
ENFJ,Reading
ESFJ,Playing an Instrument
INTJ,Traveling
ENTJ,Playing Video Games
ENFJ,Singing
ENTP,Playing Audio Games
ESFP,Painting
ISTP,Gardening
ENFJ,Coding
ISTJ,Dancing
INTJ,Playing an Instrument
ISFJ,Coding
ESFP,Cooking
ENTP,Swimming
INTJ,Singing
ISTJ,Dancing
INFJ,Playing an Instrument
ENTJ,Playing Audio Games
ENTP,Playing Video Games
ISFJ,Traveling
INFJ,Photography
ESTP,Dancing
ISFJ,Traveling
INFJ,Writing
ISFJ,Singing
ENTJ,Coding
INTP,Playing Audio Games
ESTJ,Traveling
ENFP,Traveling
ENTJ,Hiking
ENTP,Dancing
ISFP,Reading
ENTP,Watching Movies
ISTP,Hiking
ENFP,Cooking
ENFJ,Dancing
ISTJ,Hiking
INFJ,Watching Movies
ESFP,Watching Movies
INTP,Swimming
INFJ,Writing
ESTJ,Painting
ENFJ,Playing Video Games
ENTP,Dancing
ISFP,Playing Video Games
ESTJ,Watching Movies
ESTJ,Playing an Instrument
INFP,Coding
INFP,Running
ISTJ,Writing
INTJ,Pottery
ENFP,Reading
ESFP,Running
INTJ,Singing
ESTJ,Pottery
ENFP,Dancing
ENFJ,Photography
INFP,Reading
ENFJ,Pottery
INTP,Writing
ISTJ,Coding
ESTP,Gardening
ESFP,Gardening
ISFJ,Writing
ISFP,Gardening
INTP,Singing
ENTP,Swimming
INFP,Photography
ISFP,Gardening
ENTJ,Singing
INFP,Playing Video Games
ESTP,Hiking
INFP,Gardening
INFP,Running
ISTP,Painting
INFP,Cooking
ENFJ,Playing Video Games
ESFJ,Painting
ENTJ,Dancing
ENFP,Photography
ESFJ,Traveling
INTJ,Photography
INFJ,Swimming
ISFJ,Hiking
ISFJ,Traveling
ENFP,Traveling
INTP,Painting
ESTJ,Reading
ISFJ,Watching Movies
ESTP,Writing
ESTJ,Playing Audio Games
INTJ,Coding
ENTP,Swimming
ISTP,Playing Video Games
ESFP,Running
ENTJ,Gardening
ESTJ,Gardening
ISTJ,Photography
ESTJ,Playing Audio Games
ESFJ,Dancing
INFJ,Reading
ESFP,Traveling
INTJ,Playing Audio Games
ISFP,Swimming
ISTP,Pottery
INTJ,Dancing
ISFJ,Pottery
ESTP,Dancing
ESFJ,Painting
ENTJ,Dancing
ESTJ,Singing
ENTJ,Watching Movies
ENFP,Pottery
ISFP,Playing Video Games
ISTP,Playing an Instrument
ENTJ,Swimming
INFP,Cooking
ESFJ,Photography
ISFP,Cooking
ENTP,Singing
INTP,Gardening
ESFP,Gardening
ENTP,Hiking
ISFP,Watching Movies
INFJ,Playing Video Games
ENFP,Hiking
ISFP,Photography
INFP,Playing Video Games
ESTP,Reading
ENFJ,Playing Audio Games
ISTJ,Gardening
ISTP,Pottery
ESFP,Playing an Instrument
ISTP,Playing Audio Games
ENFJ,Hiking
ESTP,Coding
INTP,Painting
INTJ,Painting
ENTJ,Painting
INTJ,Photography
ESFJ,Hiking
ENFP,Pottery
ENFJ,Singing
ISTP,Gardening
ISFJ,Swimming
ISFP,Dancing
INFP,Pottery
ENTP,Gardening
ENTJ,Singing
ISFJ,Painting
ENTP,Painting
ISTJ,Playing Video Games
ESFP,Hiking
ENFP,Playing Video Games
ESFP,Coding
INFP,Photography
ISFJ,Singing
ESTJ,Singing
INTJ,Reading
